2018-09-26 01:32:01,065;TSHARK;1;000000000000000a-3<-->00:00:00:00:00:0b-2
2018-09-26 01:32:01,092;TSHARK;2;0000000000000020-3<-->00:00:00:00:00:21-2
2018-09-26 01:32:01,128;TSHARK;3;0000000000000021-3<-->00:00:00:00:00:22-2
2018-09-26 01:32:01,129;TSHARK;4;0000000000000023-2<-->00:00:00:00:00:22-3
2018-09-26 01:32:01,153;TSHARK;5;000000000000000b-3<-->00:00:00:00:00:0c-2
2018-09-26 01:32:01,159;TSHARK;6;000000000000000c-3<-->00:00:00:00:00:0d-2
2018-09-26 01:32:01,577;TSHARK;7;000000000000000d-3<-->00:00:00:00:00:0e-2
2018-09-26 01:32:01,602;TSHARK;8;0000000000000023-3<-->00:00:00:00:00:24-2
2018-09-26 01:32:01,639;TSHARK;9;000000000000000e-3<-->00:00:00:00:00:0f-2
2018-09-26 01:32:02,071;TSHARK;10;0000000000000024-3<-->00:00:00:00:00:25-2
2018-09-26 01:32:02,075;TSHARK;11;000000000000000f-3<-->00:00:00:00:00:10-2
2018-09-26 01:32:02,077;TSHARK;12;0000000000000025-3<-->00:00:00:00:00:26-2
2018-09-26 01:32:02,097;TSHARK;13;0000000000000010-3<-->00:00:00:00:00:11-2
2018-09-26 01:32:02,117;TSHARK;14;0000000000000026-3<-->00:00:00:00:00:27-2
2018-09-26 01:32:02,589;TSHARK;15;0000000000000020-2<-->00:00:00:00:00:1f-3
2018-09-26 01:32:02,605;TSHARK;16;000000000000001f-2<-->00:00:00:00:00:1e-3
2018-09-26 01:32:02,639;TSHARK;17;0000000000000002-2<-->00:00:00:00:00:01-2
2018-09-26 01:32:03,086;TSHARK;18;000000000000001e-2<-->00:00:00:00:00:1d-3
2018-09-26 01:32:03,103;TSHARK;19;0000000000000006-2<-->00:00:00:00:00:05-3
2018-09-26 01:32:03,120;TSHARK;20;0000000000000005-2<-->00:00:00:00:00:04-3
2018-09-26 01:32:03,125;TSHARK;21;0000000000000004-2<-->00:00:00:00:00:03-3
2018-09-26 01:32:03,145;TSHARK;22;0000000000000002-3<-->00:00:00:00:00:03-2
2018-09-26 01:32:03,586;TSHARK;23;000000000000000a-2<-->00:00:00:00:00:09-3
2018-09-26 01:32:03,587;TSHARK;24;0000000000000008-3<-->00:00:00:00:00:09-2
2018-09-26 01:32:03,605;TSHARK;25;0000000000000008-2<-->00:00:00:00:00:07-3
2018-09-26 01:32:03,608;TSHARK;26;0000000000000006-3<-->00:00:00:00:00:07-2
2018-09-26 01:32:04,222;TSHARK;27;000000000000002b-3<-->00:00:00:00:00:2c-2
2018-09-26 01:32:04,286;TSHARK;28;0000000000000021-3<-->00:00:00:00:00:22-2
2018-09-26 01:32:04,288;TSHARK;29;0000000000000023-2<-->00:00:00:00:00:22-3
2018-09-26 01:32:04,290;TSHARK;30;0000000000000010-2<-->00:00:00:00:00:0f-3
2018-09-26 01:32:04,291;TSHARK;31;000000000000000e-3<-->00:00:00:00:00:0f-2
2018-09-26 01:32:04,294;TSHARK;32;0000000000000004-2<-->00:00:00:00:00:03-3
2018-09-26 01:32:04,297;TSHARK;33;0000000000000002-3<-->00:00:00:00:00:03-2
2018-09-26 01:32:04,312;TSHARK;34;000000000000000f-2<-->00:00:00:00:00:0e-3
2018-09-26 01:32:04,315;TSHARK;35;000000000000000d-3<-->00:00:00:00:00:0e-2
2018-09-26 01:32:04,320;TSHARK;36;0000000000000025-2<-->00:00:00:00:00:24-3
2018-09-26 01:32:04,339;TSHARK;37;0000000000000023-3<-->00:00:00:00:00:24-2
2018-09-26 01:32:04,342;TSHARK;38;0000000000000026-3<-->00:00:00:00:00:27-2
2018-09-26 01:32:04,343;TSHARK;39;000000000000001e-3<-->00:00:00:00:00:1f-2
2018-09-26 01:32:04,344;TSHARK;40;0000000000000006-2<-->00:00:00:00:00:05-3
2018-09-26 01:32:04,348;TSHARK;41;0000000000000007-2<-->00:00:00:00:00:06-3
2018-09-26 01:32:04,368;TSHARK;42;0000000000000004-3<-->00:00:00:00:00:05-2
2018-09-26 01:32:04,371;TSHARK;43;000000000000002c-2<-->00:00:00:00:00:2b-3
2018-09-26 01:32:04,374;TSHARK;44;0000000000000020-2<-->00:00:00:00:00:1f-3
2018-09-26 01:32:04,377;TSHARK;45;000000000000001f-3<-->00:00:00:00:00:20-2
2018-09-26 01:32:04,379;TSHARK;46;0000000000000008-2<-->00:00:00:00:00:07-3
2018-09-26 01:32:04,381;TSHARK;47;000000000000000f-3<-->00:00:00:00:00:10-2
2018-09-26 01:32:04,405;TSHARK;48;0000000000000005-3<-->00:00:00:00:00:06-2
2018-09-26 01:32:04,421;TSHARK;49;000000000000002b-3<-->00:00:00:00:00:2c-2
2018-09-26 01:32:04,423;TSHARK;50;0000000000000006-3<-->00:00:00:00:00:07-2
2018-09-26 01:32:04,426;TSHARK;51;0000000000000021-2<-->00:00:00:00:00:20-3
2018-09-26 01:32:04,429;TSHARK;52;0000000000000011-2<-->00:00:00:00:00:10-3
2018-09-26 01:32:04,452;TSHARK;53;0000000000000009-2<-->00:00:00:00:00:08-3
2018-09-26 01:32:04,474;TSHARK;54;0000000000000007-3<-->00:00:00:00:00:08-2
2018-09-26 01:32:04,476;TSHARK;55;0000000000000022-3<-->00:00:00:00:00:23-2
2018-09-26 01:32:04,481;TSHARK;56;0000000000000024-2<-->00:00:00:00:00:23-3
2018-09-26 01:32:04,513;TSHARK;57;000000000000000a-3<-->00:00:00:00:00:0b-2
2018-09-26 01:32:04,517;TSHARK;58;000000000000000c-2<-->00:00:00:00:00:0b-3
2018-09-26 01:32:04,543;TSHARK;59;0000000000000020-3<-->00:00:00:00:00:21-2
2018-09-26 01:32:04,548;TSHARK;60;0000000000000022-2<-->00:00:00:00:00:21-3
2018-09-26 01:32:04,598;TSHARK;61;000000000000000c-3<-->00:00:00:00:00:0d-2
2018-09-26 01:32:04,599;TSHARK;62;0000000000000009-3<-->00:00:00:00:00:0a-2
2018-09-26 01:32:04,601;TSHARK;63;000000000000000b-2<-->00:00:00:00:00:0a-3
2018-09-26 01:32:04,721;TSHARK;64;000000000000000b-3<-->00:00:00:00:00:0c-2
2018-09-26 01:32:04,723;TSHARK;65;000000000000001d-3<-->00:00:00:00:00:1e-2
2018-09-26 01:32:04,725;TSHARK;66;0000000000000002-2<-->00:00:00:00:00:01-2
2018-09-26 01:32:04,729;TSHARK;67;0000000000000010-3<-->00:00:00:00:00:11-2
2018-09-26 01:32:04,729;TSHARK;68;0000000000000025-3<-->00:00:00:00:00:26-2
2018-09-26 01:32:04,730;TSHARK;69;0000000000000027-2<-->00:00:00:00:00:26-3
2018-09-26 01:32:04,731;TSHARK;70;000000000000000a-2<-->00:00:00:00:00:09-3
2018-09-26 01:32:04,736;TSHARK;71;000000000000000e-2<-->00:00:00:00:00:0d-3
2018-09-26 01:32:04,748;TSHARK;72;000000000000001f-2<-->00:00:00:00:00:1e-3
2018-09-26 01:32:04,749;TSHARK;73;0000000000000008-3<-->00:00:00:00:00:09-2
2018-09-26 01:32:04,750;TSHARK;74;000000000000000d-2<-->00:00:00:00:00:0c-3
2018-09-26 01:32:04,752;TSHARK;75;0000000000000026-2<-->00:00:00:00:00:25-3
2018-09-26 01:32:04,753;TSHARK;76;0000000000000005-2<-->00:00:00:00:00:04-3
2018-09-26 01:32:04,755;TSHARK;77;0000000000000024-3<-->00:00:00:00:00:25-2
2018-09-26 01:32:04,756;TSHARK;78;000000000000001e-2<-->00:00:00:00:00:1d-3
2018-09-26 01:32:04,765;TSHARK;79;0000000000000001-2<-->00:00:00:00:00:02-2
2018-09-26 01:32:04,767;TSHARK;80;0000000000000003-3<-->00:00:00:00:00:04-2
2018-09-26 01:32:04,770;TSHARK;81;0000000000000003-2<-->00:00:00:00:00:02-3
2018-09-26 01:32:05,286;TSHARK;82;0000000000000017-3<-->00:00:00:00:00:18-2
2018-09-26 01:32:05,304;TSHARK;83;0000000000000017-2<-->00:00:00:00:00:16-3
2018-09-26 01:32:05,306;TSHARK;84;0000000000000015-3<-->00:00:00:00:00:16-2
2018-09-26 01:32:05,787;TSHARK;85;000000000000001a-2<-->00:00:00:00:00:19-3
2018-09-26 01:32:05,789;TSHARK;86;0000000000000018-3<-->00:00:00:00:00:19-2
2018-09-26 01:32:05,824;TSHARK;87;000000000000002c-3<-->00:00:00:00:00:2d-2
2018-09-26 01:32:05,830;TSHARK;88;000000000000002e-2<-->00:00:00:00:00:2d-3
2018-09-26 01:32:06,275;TSHARK;89;000000000000001a-3<-->00:00:00:00:00:1b-2
2018-09-26 01:32:06,295;TSHARK;90;000000000000002e-3<-->00:00:00:00:00:2f-2
2018-09-26 01:32:06,764;TSHARK;91;0000000000000032-2<-->00:00:00:00:00:31-3
2018-09-26 01:32:06,782;TSHARK;92;000000000000002f-3<-->00:00:00:00:00:30-2
2018-09-26 01:32:06,785;TSHARK;93;0000000000000031-2<-->00:00:00:00:00:30-3
2018-09-26 01:32:06,804;TSHARK;94;000000000000001b-3<-->00:00:00:00:00:1c-2
2018-09-26 01:32:06,808;TSHARK;95;000000000000001d-2<-->00:00:00:00:00:1c-3
2018-09-26 01:32:07,279;TSHARK;96;0000000000000027-3<-->00:00:00:00:00:28-2
2018-09-26 01:32:07,328;TSHARK;97;0000000000000015-2<-->00:00:00:00:00:14-3
2018-09-26 01:32:07,365;TSHARK;98;0000000000000029-3<-->00:00:00:00:00:2a-2
2018-09-26 01:33:01,724;TSHARK;1;0000000000000016-3<-->17-32
2018-09-26 01:33:01,840;TSHARK;2;0000000000000018-2<-->17-33
2018-09-26 01:33:02,047;TSHARK;3;000000000000001b-2<-->1a-33
2018-09-26 01:33:02,052;TSHARK;4;0000000000000019-3<-->1a-32
2018-09-26 01:33:02,230;TSHARK;5;000000000000002d-3<-->2e-32
2018-09-26 01:33:02,392;TSHARK;6;000000000000002f-2<-->2e-33
2018-09-26 01:33:02,521;TSHARK;7;0000000000000027-3<-->28-32
2018-09-26 01:33:02,570;TSHARK;8;0000000000000029-2<-->28-33
2018-09-26 01:33:02,669;TSHARK;9;000000000000002a-3<-->2b-32
2018-09-26 01:33:02,882;TSHARK;10;000000000000002c-2<-->2b-33
2018-09-26 01:33:03,104;TSHARK;11;000000000000000d-3<-->e-32
2018-09-26 01:33:03,148;TSHARK;12;000000000000000f-2<-->e-33
2018-09-26 01:33:03,512;TSHARK;13;0000000000000002-3<-->3-32
2018-09-26 01:33:03,967;TSHARK;14;0000000000000004-2<-->3-33
2018-09-26 01:33:04,489;TSHARK;15;0000000000000020-3<-->21-32
2018-09-26 01:33:04,544;TSHARK;16;0000000000000022-2<-->21-33
2018-09-26 01:33:05,040;TSHARK;17;000000000000002c-3<-->2d-32
2018-09-26 01:33:05,652;TSHARK;18;000000000000002e-2<-->2d-33
2018-09-26 01:33:06,254;TSHARK;19;000000000000002e-3<-->2f-32
2018-09-26 01:33:06,270;TSHARK;20;0000000000000030-2<-->2f-33
2018-09-26 01:33:06,803;TSHARK;21;000000000000001b-3<-->1c-32
2018-09-26 01:33:07,320;TSHARK;22;000000000000001d-2<-->1c-33
2018-09-26 01:33:07,804;TSHARK;23;0000000000000021-3<-->22-32
2018-09-26 01:33:07,807;TSHARK;24;0000000000000023-2<-->22-33
2018-09-26 01:33:08,283;TSHARK;25;0000000000000014-3<-->15-32
2018-09-26 01:33:08,807;TSHARK;26;0000000000000016-2<-->15-33
2018-09-26 01:33:09,381;TSHARK;27;000000000000001f-3<-->20-32
2018-09-26 01:33:09,396;TSHARK;28;0000000000000021-2<-->20-33
2018-09-26 01:33:09,978;TSHARK;29;0000000000000029-3<-->2a-32
2018-09-26 01:33:10,615;TSHARK;30;000000000000002b-2<-->2a-33
2018-09-26 01:33:11,176;TSHARK;31;0000000000000018-3<-->19-32
2018-09-26 01:33:11,262;TSHARK;32;000000000000001a-2<-->19-33
2018-09-26 01:33:11,749;TSHARK;33;000000000000000c-3<-->d-32
2018-09-26 01:33:12,369;TSHARK;34;000000000000000e-2<-->d-33
2018-09-26 01:33:12,892;TSHARK;35;0000000000000031-3<-->32-32
2018-09-26 01:33:13,535;TSHARK;36;000000000000002f-3<-->30-32
2018-09-26 01:33:13,539;TSHARK;37;0000000000000031-2<-->30-33
2018-09-26 01:33:14,046;TSHARK;38;0000000000000025-3<-->26-32
2018-09-26 01:33:14,506;TSHARK;39;0000000000000027-2<-->26-33
2018-09-26 01:33:15,066;TSHARK;40;0000000000000013-2<-->12-33
2018-09-26 01:33:15,070;TSHARK;41;0000000000000011-3<-->12-32
2018-09-26 01:33:15,649;TSHARK;42;0000000000000003-3<-->4-32
2018-09-26 01:33:16,217;TSHARK;43;0000000000000005-2<-->4-33
2018-09-26 01:33:16,811;TSHARK;44;0000000000000032-2<-->31-33
2018-09-26 01:33:16,812;TSHARK;45;0000000000000030-3<-->31-32
2018-09-26 01:33:17,246;TSHARK;46;0000000000000002-2<-->1-32
2018-09-26 01:33:17,452;TSHARK;47;0000000000000022-3<-->23-32
2018-09-26 01:33:17,672;TSHARK;48;0000000000000024-2<-->23-33
2018-09-26 01:33:17,855;TSHARK;49;000000000000001a-3<-->1b-32
2018-09-26 01:33:17,855;TSHARK;50;000000000000001c-2<-->1b-33
2018-09-26 01:33:18,033;TSHARK;51;0000000000000001-2<-->2-32
2018-09-26 01:33:18,215;TSHARK;52;0000000000000003-2<-->2-33
2018-09-26 01:33:18,380;TSHARK;53;000000000000002b-3<-->2c-32
2018-09-26 01:33:18,401;TSHARK;54;000000000000002d-2<-->2c-33
2018-09-26 01:33:18,589;TSHARK;55;0000000000000012-3<-->13-32
2018-09-26 01:33:18,705;TSHARK;56;0000000000000014-2<-->13-33
2018-09-26 01:33:18,831;TSHARK;57;0000000000000017-3<-->18-32
2018-09-26 01:33:18,832;TSHARK;58;0000000000000019-2<-->18-33
2018-09-26 01:33:18,956;TSHARK;59;000000000000000a-3<-->b-32
2018-09-26 01:33:19,044;TSHARK;60;000000000000000c-2<-->b-33
2018-09-26 01:33:19,150;TSHARK;61;0000000000000028-3<-->29-32
2018-09-26 01:33:19,151;TSHARK;62;000000000000002a-2<-->29-33
2018-09-26 01:33:19,275;TSHARK;63;0000000000000009-3<-->a-32
2018-09-26 01:33:19,373;TSHARK;64;000000000000000b-2<-->a-33
2018-09-26 01:33:19,462;TSHARK;65;0000000000000015-2<-->14-33
2018-09-26 01:33:19,463;TSHARK;66;0000000000000013-3<-->14-32
2018-09-26 01:33:19,560;TSHARK;67;0000000000000007-3<-->8-32
2018-09-26 01:33:19,634;TSHARK;68;0000000000000009-2<-->8-33
2018-09-26 01:33:19,705;TSHARK;69;000000000000000b-3<-->c-32
2018-09-26 01:33:19,726;TSHARK;70;000000000000000d-2<-->c-33
2018-09-26 01:33:19,769;TSHARK;71;0000000000000026-3<-->27-32
2018-09-26 01:33:19,823;TSHARK;72;0000000000000028-2<-->27-33
2018-09-26 01:33:19,933;TSHARK;73;000000000000000f-3<-->10-32
2018-09-26 01:33:19,940;TSHARK;74;0000000000000011-2<-->10-33
2018-09-26 01:33:19,968;TSHARK;75;0000000000000004-3<-->5-32
2018-09-26 01:33:20,010;TSHARK;76;0000000000000006-2<-->5-33
2018-09-26 01:33:20,064;TSHARK;77;000000000000001e-3<-->1f-32
2018-09-26 01:33:20,066;TSHARK;78;0000000000000020-2<-->1f-33
2018-09-26 01:33:20,109;TSHARK;79;0000000000000005-3<-->6-32
2018-09-26 01:33:20,168;TSHARK;80;0000000000000007-2<-->6-33
2018-09-26 01:33:20,222;TSHARK;81;0000000000000008-3<-->9-32
2018-09-26 01:33:20,223;TSHARK;82;000000000000000a-2<-->9-33
2018-09-26 01:33:20,251;TSHARK;83;0000000000000006-3<-->7-32
2018-09-26 01:33:20,282;TSHARK;84;0000000000000008-2<-->7-33
2018-09-26 01:33:20,304;TSHARK;85;0000000000000023-3<-->24-32
2018-09-26 01:33:20,305;TSHARK;86;0000000000000025-2<-->24-33
2018-09-26 01:33:20,311;TSHARK;87;000000000000001c-3<-->1d-32
2018-09-26 01:33:20,312;TSHARK;88;000000000000001e-2<-->1d-33
2018-09-26 01:33:20,313;TSHARK;89;0000000000000010-2<-->f-33
2018-09-26 01:33:20,313;TSHARK;90;000000000000000e-3<-->f-32
2018-09-26 01:33:20,314;TSHARK;91;0000000000000015-3<-->16-32
2018-09-26 01:33:20,321;TSHARK;92;0000000000000017-2<-->16-33
2018-09-26 01:33:20,321;TSHARK;93;0000000000000010-3<-->11-32
2018-09-26 01:33:20,323;TSHARK;94;0000000000000012-2<-->11-33
2018-09-26 01:33:20,324;TSHARK;95;0000000000000026-2<-->25-33
2018-09-26 01:33:20,325;TSHARK;96;0000000000000024-3<-->25-32
2018-09-26 01:33:20,330;TSHARK;97;000000000000001d-3<-->1e-32
2018-09-26 01:33:20,331;TSHARK;98;000000000000001f-2<-->1e-33
2018-09-26 01:36:26,984;TSHARK;1;000000000000001a-3<-->000000000000001b-00000002
2018-09-26 01:36:26,986;TSHARK;2;000000000000001c-2<-->000000000000001b-00000003
2018-09-26 01:36:26,987;TSHARK;3;0000000000000023-2<-->0000000000000022-00000003
2018-09-26 01:36:26,987;TSHARK;4;000000000000000e-2<-->000000000000000d-00000003
2018-09-26 01:36:27,011;TSHARK;5;000000000000001a-2<-->0000000000000019-00000003
2018-09-26 01:36:27,021;TSHARK;6;0000000000000023-3<-->0000000000000024-00000002
2018-09-26 01:36:27,023;TSHARK;7;000000000000000e-3<-->000000000000000f-00000002
2018-09-26 01:36:27,025;TSHARK;8;000000000000000a-2<-->0000000000000009-00000003
2018-09-26 01:36:27,028;TSHARK;9;000000000000001f-2<-->000000000000001e-00000003
2018-09-26 01:36:27,030;TSHARK;10;0000000000000008-3<-->0000000000000009-00000002
2018-09-26 01:36:27,032;TSHARK;11;000000000000000d-2<-->000000000000000c-00000003
2018-09-26 01:36:27,035;TSHARK;12;0000000000000029-2<-->0000000000000028-00000003
2018-09-26 01:36:27,037;TSHARK;13;0000000000000005-3<-->0000000000000006-00000002
2018-09-26 01:36:27,042;TSHARK;14;0000000000000012-3<-->0000000000000013-00000002
2018-09-26 01:36:27,046;TSHARK;15;0000000000000018-3<-->0000000000000019-00000002
2018-09-26 01:36:27,049;TSHARK;16;0000000000000030-2<-->000000000000002f-00000003
2018-09-26 01:36:27,063;TSHARK;17;000000000000002e-3<-->000000000000002f-00000002
2018-09-26 01:36:27,065;TSHARK;18;000000000000000c-2<-->000000000000000b-00000003
2018-09-26 01:36:27,067;TSHARK;19;000000000000000a-3<-->000000000000000b-00000002
2018-09-26 01:36:27,153;TSHARK;20;000000000000001c-3<-->000000000000001d-00000002
2018-09-26 01:36:27,154;TSHARK;21;000000000000001f-2<-->000000000000001e-00000003
2018-09-26 01:36:27,156;TSHARK;22;000000000000001f-3<-->0000000000000020-00000002
2018-09-26 01:36:27,158;TSHARK;23;000000000000000f-3<-->0000000000000010-00000002
2018-09-26 01:36:27,170;TSHARK;24;0000000000000008-2<-->0000000000000007-00000003
2018-09-26 01:36:27,171;TSHARK;25;0000000000000022-2<-->0000000000000021-00000003
2018-09-26 01:36:27,171;TSHARK;26;0000000000000026-2<-->0000000000000025-00000003
2018-09-26 01:36:27,171;TSHARK;27;0000000000000026-3<-->0000000000000027-00000002
2018-09-26 01:36:27,173;TSHARK;28;0000000000000029-2<-->0000000000000028-00000003
2018-09-26 01:36:27,174;TSHARK;29;0000000000000029-3<-->000000000000002a-00000002
2018-09-26 01:36:27,176;TSHARK;30;0000000000000005-2<-->0000000000000004-00000003
2018-09-26 01:36:27,188;TSHARK;31;0000000000000016-3<-->0000000000000017-00000002
2018-09-26 01:36:27,189;TSHARK;32;0000000000000016-2<-->0000000000000015-00000003
2018-09-26 01:36:27,190;TSHARK;33;0000000000000028-2<-->0000000000000027-00000003
2018-09-26 01:36:27,192;TSHARK;34;0000000000000032-2<-->0000000000000031-00000003
2018-09-26 01:36:27,196;TSHARK;35;0000000000000024-3<-->0000000000000025-00000002
2018-09-26 01:36:27,197;TSHARK;36;0000000000000012-2<-->0000000000000011-00000003
2018-09-26 01:36:27,203;TSHARK;37;0000000000000018-2<-->0000000000000017-00000003
2018-09-26 01:36:27,205;TSHARK;38;0000000000000030-3<-->0000000000000031-00000002
2018-09-26 01:36:27,209;TSHARK;39;000000000000002e-2<-->000000000000002d-00000003
2018-09-26 01:36:27,217;TSHARK;40;000000000000001e-2<-->000000000000001d-00000003
2018-09-26 01:36:27,221;TSHARK;41;000000000000002b-2<-->000000000000002a-00000003
2018-09-26 01:36:27,222;TSHARK;42;000000000000002b-3<-->000000000000002c-00000002
2018-09-26 01:36:27,223;TSHARK;43;0000000000000001-2<-->0000000000000002-00000002
2018-09-26 01:36:27,228;TSHARK;44;0000000000000006-3<-->0000000000000007-00000002
2018-09-26 01:36:27,229;TSHARK;45;0000000000000003-3<-->0000000000000004-00000002
2018-09-26 01:36:27,230;TSHARK;46;0000000000000003-2<-->0000000000000002-00000003
2018-09-26 01:36:27,236;TSHARK;47;0000000000000014-3<-->0000000000000015-00000002
2018-09-26 01:36:27,238;TSHARK;48;0000000000000021-2<-->0000000000000020-00000003
2018-09-26 01:36:27,254;TSHARK;49;000000000000002d-2<-->000000000000002c-00000003
2018-09-26 01:36:27,255;TSHARK;50;0000000000000011-2<-->0000000000000010-00000003
2018-09-26 01:36:27,257;TSHARK;51;000000000000000a-2<-->0000000000000009-00000003
2018-09-26 01:36:27,258;TSHARK;52;0000000000000008-3<-->0000000000000009-00000002
2018-09-26 01:36:27,273;TSHARK;53;0000000000000018-3<-->0000000000000019-00000002
2018-09-26 01:36:27,274;TSHARK;54;000000000000001a-2<-->0000000000000019-00000003
2018-09-26 01:36:27,310;TSHARK;55;0000000000000006-2<-->0000000000000005-00000003
2018-09-26 01:36:27,313;TSHARK;56;0000000000000015-2<-->0000000000000014-00000003
2018-09-26 01:36:27,314;TSHARK;57;000000000000001a-3<-->000000000000001b-00000002
2018-09-26 01:36:27,325;TSHARK;58;000000000000001c-2<-->000000000000001b-00000003
2018-09-26 01:36:27,327;TSHARK;59;0000000000000023-2<-->0000000000000022-00000003
2018-09-26 01:36:27,328;TSHARK;60;0000000000000023-3<-->0000000000000024-00000002
2018-09-26 01:36:27,330;TSHARK;61;000000000000000e-3<-->000000000000000f-00000002
2018-09-26 01:36:27,333;TSHARK;62;000000000000000e-2<-->000000000000000d-00000003
2018-09-26 01:36:27,334;TSHARK;63;000000000000000a-3<-->000000000000000b-00000002
2018-09-26 01:36:27,336;TSHARK;64;000000000000000d-2<-->000000000000000c-00000003
2018-09-26 01:36:27,338;TSHARK;65;0000000000000032-2<-->0000000000000031-00000003
2018-09-26 01:36:27,341;TSHARK;66;0000000000000030-3<-->0000000000000031-00000002
2018-09-26 01:36:27,343;TSHARK;67;0000000000000013-3<-->0000000000000014-00000002
2018-09-26 01:36:27,367;TSHARK;68;000000000000002e-2<-->000000000000002d-00000003
2018-09-26 01:36:27,441;TSHARK;69;0000000000000017-3<-->0000000000000018-00000002
2018-09-26 01:36:27,454;TSHARK;70;000000000000001d-2<-->000000000000001c-00000003
2018-09-26 01:36:27,456;TSHARK;71;0000000000000020-3<-->0000000000000021-00000002
2018-09-26 01:36:27,475;TSHARK;72;000000000000000f-3<-->0000000000000010-00000002
2018-09-26 01:36:27,478;TSHARK;73;0000000000000005-2<-->0000000000000004-00000003
2018-09-26 01:36:27,479;TSHARK;74;000000000000000c-2<-->000000000000000b-00000003
2018-09-26 01:36:27,480;TSHARK;75;0000000000000016-3<-->0000000000000017-00000002
2018-09-26 01:36:27,492;TSHARK;76;0000000000000016-2<-->0000000000000015-00000003
2018-09-26 01:36:27,494;TSHARK;77;0000000000000028-2<-->0000000000000027-00000003
2018-09-26 01:36:27,496;TSHARK;78;0000000000000024-3<-->0000000000000025-00000002
2018-09-26 01:36:27,501;TSHARK;79;0000000000000012-3<-->0000000000000013-00000002
2018-09-26 01:36:27,502;TSHARK;80;0000000000000012-2<-->0000000000000011-00000003
2018-09-26 01:36:27,503;TSHARK;81;0000000000000030-2<-->000000000000002f-00000003
2018-09-26 01:36:27,505;TSHARK;82;000000000000002e-3<-->000000000000002f-00000002
2018-09-26 01:36:27,513;TSHARK;83;000000000000001e-2<-->000000000000001d-00000003
2018-09-26 01:36:27,514;TSHARK;84;000000000000002b-2<-->000000000000002a-00000003
2018-09-26 01:36:27,516;TSHARK;85;000000000000002b-3<-->000000000000002c-00000002
2018-09-26 01:36:27,520;TSHARK;86;0000000000000013-3<-->0000000000000014-00000002
2018-09-26 01:36:27,521;TSHARK;87;0000000000000001-2<-->0000000000000002-00000002
2018-09-26 01:36:27,522;TSHARK;88;0000000000000006-3<-->0000000000000007-00000002
2018-09-26 01:36:27,527;TSHARK;89;0000000000000003-3<-->0000000000000004-00000002
2018-09-26 01:36:27,528;TSHARK;90;0000000000000003-2<-->0000000000000002-00000003
2018-09-26 01:36:27,546;TSHARK;91;0000000000000011-2<-->0000000000000010-00000003
2018-09-26 01:36:27,548;TSHARK;92;0000000000000015-2<-->0000000000000014-00000003
2018-09-26 01:36:27,550;TSHARK;93;000000000000002d-2<-->000000000000002c-00000003
2018-09-26 01:36:28,201;TSHARK;94;000000000000001b-2<-->000000000000001a-00000003
2018-09-26 01:36:28,367;TSHARK;95;0000000000000019-3<-->000000000000001a-00000002
2018-09-26 01:36:28,930;TSHARK;96;000000000000001b-3<-->000000000000001c-00000002
2018-09-26 01:36:29,453;TSHARK;97;0000000000000019-2<-->0000000000000018-00000003
2018-09-26 01:36:29,936;TSHARK;98;0000000000000024-2<-->0000000000000023-00000003
2018-10-06 15:49:54,393;TSHARK;1;000000000000001a- 2
<-->0000000000000019-00000003
2018-10-06 15:49:54,393;TSHARK;2;000000000000005f- 2
<-->000000000000005e-00000003
2018-10-06 15:49:54,393;TSHARK;3;0000000000000035- 2
<-->0000000000000034-00000003
2018-10-06 15:49:54,394;TSHARK;4;0000000000000029- 2
<-->0000000000000028-00000003
2018-10-06 15:49:54,394;TSHARK;5;000000000000003a- 3
<-->000000000000003b-00000002
2018-10-06 15:49:54,394;TSHARK;6;0000000000000018- 3
<-->0000000000000019-00000002
2018-10-06 15:49:54,656;TSHARK;7;0000000000000035- 3
<-->0000000000000036-00000002
2018-10-06 15:49:54,657;TSHARK;8;000000000000000d- 3
<-->000000000000000e-00000002
2018-10-06 15:49:54,684;TSHARK;9;000000000000001a- 3
<-->000000000000001b-00000002
2018-10-06 15:49:54,685;TSHARK;10;000000000000005f- 3
<-->0000000000000060-00000002
2018-10-06 15:49:54,685;TSHARK;11;000000000000001c- 2
<-->000000000000001b-00000003
2018-10-06 15:49:54,685;TSHARK;12;000000000000001c- 3
<-->000000000000001d-00000002
2018-10-06 15:49:54,685;TSHARK;13;0000000000000023- 2
<-->0000000000000022-00000003
2018-10-06 15:49:54,686;TSHARK;14;0000000000000023- 3
<-->0000000000000024-00000002
2018-10-06 15:49:54,686;TSHARK;15;000000000000003e- 3
<-->000000000000003f-00000002
2018-10-06 15:49:54,686;TSHARK;16;000000000000003e- 2
<-->000000000000003d-00000003
2018-10-06 15:49:54,686;TSHARK;17;0000000000000026- 2
<-->0000000000000025-00000003
2018-10-06 15:49:54,686;TSHARK;18;0000000000000026- 3
<-->0000000000000027-00000002
2018-10-06 15:49:54,689;TSHARK;19;0000000000000029- 3
<-->000000000000002a-00000002
2018-10-06 15:49:54,689;TSHARK;20;0000000000000005- 2
<-->0000000000000004-00000003
2018-10-06 15:49:54,689;TSHARK;21;0000000000000005- 3
<-->0000000000000006-00000002
2018-10-06 15:49:54,690;TSHARK;22;0000000000000028- 2
<-->0000000000000027-00000003
2018-10-06 15:49:54,690;TSHARK;23;000000000000003a- 2
<-->0000000000000039-00000003
2018-10-06 15:49:54,690;TSHARK;24;0000000000000012- 2
<-->0000000000000011-00000003
2018-10-06 15:49:54,691;TSHARK;25;0000000000000012- 3
<-->0000000000000013-00000002
2018-10-06 15:49:54,691;TSHARK;26;000000000000004e- 3
<-->000000000000004f-00000002
2018-10-06 15:49:54,691;TSHARK;27;000000000000004e- 2
<-->000000000000004d-00000003
2018-10-06 15:49:54,691;TSHARK;28;0000000000000054- 2
<-->0000000000000053-00000003
2018-10-06 15:49:54,695;TSHARK;29;0000000000000054- 3
<-->0000000000000055-00000002
2018-10-06 15:49:54,696;TSHARK;30;0000000000000018- 2
<-->0000000000000017-00000003
2018-10-06 15:49:54,696;TSHARK;31;0000000000000009- 3
<-->000000000000000a-00000002
2018-10-06 15:49:54,697;TSHARK;32;0000000000000009- 2
<-->0000000000000008-00000003
2018-10-06 15:49:54,697;TSHARK;33;000000000000002e- 2
<-->000000000000002d-00000003
2018-10-06 15:49:54,697;TSHARK;34;000000000000002e- 3
<-->000000000000002f-00000002
2018-10-06 15:49:54,698;TSHARK;35;0000000000000030- 2
<-->000000000000002f-00000003
2018-10-06 15:49:54,698;TSHARK;36;0000000000000030- 3
<-->0000000000000031-00000002
2018-10-06 15:49:54,698;TSHARK;37;000000000000003b- 3
<-->000000000000003c-00000002
2018-10-06 15:49:54,699;TSHARK;38;0000000000000058- 2
<-->0000000000000057-00000003
2018-10-06 15:49:54,699;TSHARK;39;0000000000000058- 3
<-->0000000000000059-00000002
2018-10-06 15:49:54,699;TSHARK;40;000000000000005e- 2
<-->000000000000005d-00000003
2018-10-06 15:49:54,700;TSHARK;41;0000000000000048- 2
<-->0000000000000047-00000003
2018-10-06 15:49:54,700;TSHARK;42;0000000000000048- 3
<-->0000000000000049-00000002
2018-10-06 15:49:54,700;TSHARK;43;0000000000000034- 2
<-->0000000000000033-00000003
2018-10-06 15:49:54,701;TSHARK;44;0000000000000036- 3
<-->0000000000000037-00000002
2018-10-06 15:49:54,701;TSHARK;45;0000000000000003- 3
<-->0000000000000004-00000002
2018-10-06 15:49:54,701;TSHARK;46;0000000000000003- 2
<-->0000000000000002-00000003
2018-10-06 15:49:54,701;TSHARK;47;0000000000000033- 2
<-->0000000000000032-00000003
2018-10-06 15:49:54,702;TSHARK;48;0000000000000007- 3
<-->0000000000000008-00000002
2018-10-06 15:49:54,702;TSHARK;49;0000000000000007- 2
<-->0000000000000006-00000003
2018-10-06 15:49:54,702;TSHARK;50;0000000000000017- 2
<-->0000000000000016-00000003
2018-10-06 15:49:54,702;TSHARK;51;0000000000000056- 3
<-->0000000000000057-00000002
2018-10-06 15:49:54,703;TSHARK;52;0000000000000056- 2
<-->0000000000000055-00000003
2018-10-06 15:49:54,703;TSHARK;53;0000000000000047- 2
<-->0000000000000046-00000003
2018-10-06 15:49:54,703;TSHARK;54;0000000000000060- 3
<-->0000000000000061-00000002
2018-10-06 15:49:54,703;TSHARK;55;0000000000000061- 3
<-->0000000000000062-00000002
2018-10-06 15:49:54,703;TSHARK;56;0000000000000053- 2
<-->0000000000000052-00000003
2018-10-06 15:49:54,704;TSHARK;57;000000000000002d- 2
<-->000000000000002c-00000003
2018-10-06 15:49:54,704;TSHARK;58;0000000000000011- 2
<-->0000000000000010-00000003
2018-10-06 15:49:54,704;TSHARK;59;0000000000000002- 2
<-->0000000000000001-00000002
2018-10-06 15:49:54,704;TSHARK;60;0000000000000046- 2
<-->0000000000000045-00000003
2018-10-06 15:49:54,707;TSHARK;61;0000000000000010- 2
<-->000000000000000f-00000003
2018-10-06 15:49:54,707;TSHARK;62;0000000000000063- 3
<-->0000000000000064-00000002
2018-10-06 15:49:54,707;TSHARK;63;0000000000000063- 2
<-->0000000000000062-00000003
2018-10-06 15:49:54,707;TSHARK;64;0000000000000051- 2
<-->0000000000000050-00000003
2018-10-06 15:49:54,707;TSHARK;65;0000000000000051- 3
<-->0000000000000052-00000002
2018-10-06 15:49:54,708;TSHARK;66;0000000000000025- 2
<-->0000000000000024-00000003
2018-10-06 15:49:54,708;TSHARK;67;0000000000000015- 3
<-->0000000000000016-00000002
2018-10-06 15:49:54,708;TSHARK;68;0000000000000015- 2
<-->0000000000000014-00000003
2018-10-06 15:49:54,709;TSHARK;69;000000000000000e- 3
<-->000000000000000f-00000002
2018-10-06 15:49:54,709;TSHARK;70;000000000000000a- 3
<-->000000000000000b-00000002
2018-10-06 15:49:54,711;TSHARK;71;000000000000000d- 2
<-->000000000000000c-00000003
2018-10-06 15:49:54,711;TSHARK;72;0000000000000037- 3
<-->0000000000000038-00000002
2018-10-06 15:49:54,711;TSHARK;73;000000000000001f- 2
<-->000000000000001e-00000003
2018-10-06 15:49:54,712;TSHARK;74;000000000000001f- 3
<-->0000000000000020-00000002
2018-10-06 15:49:54,712;TSHARK;75;0000000000000022- 2
<-->0000000000000021-00000003
2018-10-06 15:49:54,712;TSHARK;76;0000000000000059- 3
<-->000000000000005a-00000002
2018-10-06 15:49:54,712;TSHARK;77;000000000000005d- 2
<-->000000000000005c-00000003
2018-10-06 15:49:54,713;TSHARK;78;000000000000000c- 2
<-->000000000000000b-00000003
2018-10-06 15:49:54,713;TSHARK;79;000000000000000c- 3
<-->000000000000000d-00000002
2018-10-06 15:49:54,713;TSHARK;80;000000000000004f- 3
<-->0000000000000050-00000002
2018-10-06 15:49:54,713;TSHARK;81;0000000000000032- 2
<-->0000000000000031-00000003
2018-10-06 15:49:54,715;TSHARK;82;000000000000004b- 2
<-->000000000000004a-00000003
2018-10-06 15:49:54,716;TSHARK;83;000000000000004b- 3
<-->000000000000004c-00000002
2018-10-06 15:49:54,716;TSHARK;84;000000000000004a- 2
<-->0000000000000049-00000003
2018-10-06 15:49:54,716;TSHARK;85;0000000000000039- 2
<-->0000000000000038-00000003
2018-10-06 15:49:54,717;TSHARK;86;0000000000000040- 3
<-->0000000000000041-00000002
2018-10-06 15:49:54,717;TSHARK;87;0000000000000040- 2
<-->000000000000003f-00000003
2018-10-06 15:49:54,717;TSHARK;88;0000000000000045- 2
<-->0000000000000044-00000003
2018-10-06 15:49:54,717;TSHARK;89;000000000000001e- 2
<-->000000000000001d-00000003
2018-10-06 15:49:54,717;TSHARK;90;0000000000000013- 3
<-->0000000000000014-00000002
2018-10-06 15:49:54,718;TSHARK;91;000000000000002b- 2
<-->000000000000002a-00000003
2018-10-06 15:49:54,721;TSHARK;92;000000000000002b- 3
<-->000000000000002c-00000002
2018-10-06 15:49:54,721;TSHARK;93;000000000000005a- 3
<-->000000000000005b-00000002
2018-10-06 15:49:54,721;TSHARK;94;0000000000000041- 3
<-->0000000000000042-00000002
2018-10-06 15:49:54,722;TSHARK;95;0000000000000044- 2
<-->0000000000000043-00000003
2018-10-06 15:49:54,722;TSHARK;96;0000000000000021- 2
<-->0000000000000020-00000003
2018-10-06 15:49:54,722;TSHARK;97;000000000000005b- 3
<-->000000000000005c-00000002
2018-10-06 15:49:54,723;TSHARK;98;000000000000004c- 3
<-->000000000000004d-00000002
2018-10-06 15:49:54,727;TSHARK;99;0000000000000042- 3
<-->0000000000000043-00000002
2018-10-06 15:49:54,727;TSHARK;100;000000000000003c- 3
<-->000000000000003d-00000002
2018-10-06 15:49:54,728;TSHARK;101;0000000000000035- 3
<-->0000000000000036-00000002
2018-10-06 15:49:54,728;TSHARK;102;000000000000005e- 2
<-->000000000000005d-00000003
2018-10-06 15:49:54,728;TSHARK;103;0000000000000048- 2
<-->0000000000000047-00000003
2018-10-06 15:49:54,729;TSHARK;104;000000000000000e- 2
<-->000000000000000d-00000003
2018-10-06 15:49:54,732;TSHARK;105;0000000000000063- 2
<-->0000000000000062-00000003
2018-10-06 15:49:54,742;TSHARK;106;000000000000001a- 3
<-->000000000000001b-00000002
2018-10-06 15:49:54,743;TSHARK;107;000000000000001c- 2
<-->000000000000001b-00000003
2018-10-06 15:49:54,743;TSHARK;108;0000000000000023- 3
<-->0000000000000024-00000002
2018-10-06 15:49:54,743;TSHARK;109;000000000000003e- 2
<-->000000000000003d-00000003
2018-10-06 15:49:54,746;TSHARK;110;000000000000003a- 2
<-->0000000000000039-00000003
2018-10-06 15:49:54,747;TSHARK;111;0000000000000012- 2
<-->0000000000000011-00000003
2018-10-06 15:49:54,747;TSHARK;112;000000000000004e- 3
<-->000000000000004f-00000002
2018-10-06 15:49:54,748;TSHARK;113;000000000000004e- 2
<-->000000000000004d-00000003
2018-10-06 15:49:54,748;TSHARK;114;0000000000000009- 2
<-->0000000000000008-00000003
2018-10-06 15:49:54,750;TSHARK;115;0000000000000030- 3
<-->0000000000000031-00000002
2018-10-06 15:49:54,751;TSHARK;116;0000000000000034- 3
<-->0000000000000035-00000002
2018-10-06 15:49:54,751;TSHARK;117;000000000000001a- 2
<-->0000000000000019-00000003
2018-10-06 15:49:54,751;TSHARK;118;000000000000005f- 3
<-->0000000000000060-00000002
2018-10-06 15:49:54,752;TSHARK;119;000000000000001c- 3
<-->000000000000001d-00000002
2018-10-06 15:49:54,752;TSHARK;120;0000000000000023- 2
<-->0000000000000022-00000003
2018-10-06 15:49:54,752;TSHARK;121;000000000000003e- 3
<-->000000000000003f-00000002
2018-10-06 15:49:54,753;TSHARK;122;0000000000000026- 2
<-->0000000000000025-00000003
2018-10-06 15:49:54,753;TSHARK;123;0000000000000026- 3
<-->0000000000000027-00000002
2018-10-06 15:49:54,754;TSHARK;124;0000000000000029- 2
<-->0000000000000028-00000003
2018-10-06 15:49:54,754;TSHARK;125;0000000000000029- 3
<-->000000000000002a-00000002
2018-10-06 15:49:54,754;TSHARK;126;0000000000000005- 2
<-->0000000000000004-00000003
2018-10-06 15:49:54,755;TSHARK;127;0000000000000005- 3
<-->0000000000000006-00000002
2018-10-06 15:49:54,755;TSHARK;128;0000000000000028- 2
<-->0000000000000027-00000003
2018-10-06 15:49:54,755;TSHARK;129;000000000000003a- 3
<-->000000000000003b-00000002
2018-10-06 15:49:54,756;TSHARK;130;0000000000000012- 3
<-->0000000000000013-00000002
2018-10-06 15:49:54,756;TSHARK;131;0000000000000054- 2
<-->0000000000000053-00000003
2018-10-06 15:49:54,756;TSHARK;132;0000000000000054- 3
<-->0000000000000055-00000002
2018-10-06 15:49:54,757;TSHARK;133;0000000000000018- 3
<-->0000000000000019-00000002
2018-10-06 15:49:54,757;TSHARK;134;0000000000000018- 2
<-->0000000000000017-00000003
2018-10-06 15:49:54,758;TSHARK;135;0000000000000009- 3
<-->000000000000000a-00000002
2018-10-06 15:49:54,758;TSHARK;136;000000000000002e- 2
<-->000000000000002d-00000003
2018-10-06 15:49:54,758;TSHARK;137;000000000000002e- 3
<-->000000000000002f-00000002
2018-10-06 15:49:54,759;TSHARK;138;0000000000000030- 2
<-->000000000000002f-00000003
2018-10-06 15:49:54,759;TSHARK;139;000000000000003b- 3
<-->000000000000003c-00000002
2018-10-06 15:49:54,759;TSHARK;140;0000000000000058- 2
<-->0000000000000057-00000003
2018-10-06 15:49:54,760;TSHARK;141;0000000000000058- 3
<-->0000000000000059-00000002
2018-10-06 15:49:54,760;TSHARK;142;000000000000005e- 3
<-->000000000000005f-00000002
2018-10-06 15:49:54,760;TSHARK;143;0000000000000048- 3
<-->0000000000000049-00000002
2018-10-06 15:49:54,761;TSHARK;144;0000000000000034- 2
<-->0000000000000033-00000003
2018-10-06 15:49:54,762;TSHARK;145;0000000000000047- 2
<-->0000000000000046-00000003
2018-10-06 15:49:54,766;TSHARK;146;0000000000000063- 2
<-->0000000000000062-00000003
2018-10-06 15:49:54,766;TSHARK;147;0000000000000037- 3
<-->0000000000000038-00000002
2018-10-06 15:49:54,767;TSHARK;148;0000000000000059- 3
<-->000000000000005a-00000002
2018-10-06 15:49:54,767;TSHARK;149;0000000000000032- 2
<-->0000000000000031-00000003
2018-10-06 15:49:54,768;TSHARK;150;000000000000004a- 2
<-->0000000000000049-00000003
2018-10-06 15:49:54,769;TSHARK;151;0000000000000039- 2
<-->0000000000000038-00000003
2018-10-06 15:49:54,770;TSHARK;152;000000000000005a- 3
<-->000000000000005b-00000002
2018-10-06 15:49:54,773;TSHARK;153;0000000000000033- 2
<-->0000000000000032-00000003
2018-10-06 15:49:54,774;TSHARK;154;0000000000000007- 2
<-->0000000000000006-00000003
2018-10-06 15:49:54,774;TSHARK;155;0000000000000056- 2
<-->0000000000000055-00000003
2018-10-06 15:49:54,775;TSHARK;156;0000000000000061- 3
<-->0000000000000062-00000002
2018-10-06 15:49:54,776;TSHARK;157;0000000000000063- 3
<-->0000000000000064-00000002
2018-10-06 15:49:54,776;TSHARK;158;000000000000001f- 2
<-->000000000000001e-00000003
2018-10-06 15:49:54,777;TSHARK;159;000000000000001f- 3
<-->0000000000000020-00000002
2018-10-06 15:49:54,777;TSHARK;160;000000000000005d- 2
<-->000000000000005c-00000003
2018-10-06 15:49:54,778;TSHARK;161;0000000000000040- 2
<-->000000000000003f-00000003
2018-10-06 15:49:54,779;TSHARK;162;000000000000002b- 2
<-->000000000000002a-00000003
2018-10-06 15:49:54,780;TSHARK;163;0000000000000021- 2
<-->0000000000000020-00000003
2018-10-06 15:49:54,782;TSHARK;164;000000000000005b- 3
<-->000000000000005c-00000002
2018-10-06 15:49:54,783;TSHARK;165;0000000000000036- 3
<-->0000000000000037-00000002
2018-10-06 15:49:54,784;TSHARK;166;0000000000000003- 3
<-->0000000000000004-00000002
2018-10-06 15:49:54,784;TSHARK;167;0000000000000003- 2
<-->0000000000000002-00000003
2018-10-06 15:49:54,784;TSHARK;168;0000000000000007- 3
<-->0000000000000008-00000002
2018-10-06 15:49:54,785;TSHARK;169;0000000000000056- 3
<-->0000000000000057-00000002
2018-10-06 15:49:54,785;TSHARK;170;0000000000000060- 3
<-->0000000000000061-00000002
2018-10-06 15:49:54,785;TSHARK;171;0000000000000053- 2
<-->0000000000000052-00000003
2018-10-06 15:49:54,786;TSHARK;172;000000000000002d- 2
<-->000000000000002c-00000003
2018-10-06 15:49:54,786;TSHARK;173;0000000000000002- 2
<-->0000000000000001-00000002
2018-10-06 15:49:54,787;TSHARK;174;0000000000000046- 2
<-->0000000000000045-00000003
2018-10-06 15:49:54,787;TSHARK;175;0000000000000010- 2
<-->000000000000000f-00000003
2018-10-06 15:49:54,787;TSHARK;176;0000000000000051- 2
<-->0000000000000050-00000003
2018-10-06 15:49:54,788;TSHARK;177;0000000000000051- 3
<-->0000000000000052-00000002
2018-10-06 15:49:54,788;TSHARK;178;0000000000000025- 2
<-->0000000000000024-00000003
2018-10-06 15:49:54,788;TSHARK;179;0000000000000015- 2
<-->0000000000000014-00000003
2018-10-06 15:49:54,789;TSHARK;180;000000000000000e- 3
<-->000000000000000f-00000002
2018-10-06 15:49:54,789;TSHARK;181;000000000000000a- 3
<-->000000000000000b-00000002
2018-10-06 15:49:54,789;TSHARK;182;0000000000000022- 2
<-->0000000000000021-00000003
2018-10-06 15:49:54,790;TSHARK;183;000000000000000c- 2
<-->000000000000000b-00000003
2018-10-06 15:49:54,790;TSHARK;184;000000000000004f- 3
<-->0000000000000050-00000002
2018-10-06 15:49:54,791;TSHARK;185;000000000000004b- 3
<-->000000000000004c-00000002
2018-10-06 15:49:54,791;TSHARK;186;0000000000000045- 2
<-->0000000000000044-00000003
2018-10-06 15:49:54,791;TSHARK;187;000000000000001e- 2
<-->000000000000001d-00000003
2018-10-06 15:49:54,792;TSHARK;188;0000000000000013- 3
<-->0000000000000014-00000002
2018-10-06 15:49:54,792;TSHARK;189;000000000000002b- 3
<-->000000000000002c-00000002
2018-10-06 15:49:54,792;TSHARK;190;0000000000000041- 3
<-->0000000000000042-00000002
2018-10-06 15:49:54,793;TSHARK;191;0000000000000044- 2
<-->0000000000000043-00000003
2018-10-06 15:49:54,793;TSHARK;192;000000000000004c- 3
<-->000000000000004d-00000002
2018-10-06 15:49:54,793;TSHARK;193;0000000000000042- 3
<-->0000000000000043-00000002
2018-10-06 15:49:54,794;TSHARK;194;000000000000003c- 3
<-->000000000000003d-00000002
2018-10-06 15:49:54,794;TSHARK;195;0000000000000017- 2
<-->0000000000000016-00000003
2018-10-06 15:49:54,794;TSHARK;196;0000000000000011- 2
<-->0000000000000010-00000003
2018-10-06 15:49:54,795;TSHARK;197;0000000000000015- 3
<-->0000000000000016-00000002
2018-10-06 15:49:54,795;TSHARK;198;000000000000000e- 2
<-->000000000000000d-00000003
